Country_Code,Year,Private_Spending,Public_Spending,Total_Spending,Mean_Graduation_Value
ARG,2000,0.897965,3.249727,4.147692,
ARG,2008,0.6279625,3.561938,4.1899005,
ARG,2009,0.6657345,4.022185,4.6879195000000005,
ARG,2010,0.830049,3.636445,4.466494,
ARG,2011,0.7394185,3.825775,4.5651935,
AUS,2000,1.2502893,3.14239,4.392679299999999,
AUS,2005,1.2907502000000002,3.225514,4.5162642,
AUS,2008,1.3743980000000002,3.169325,4.543723,
AUS,2009,1.3780277,3.558342,4.9363697,
AUS,2010,1.396769,3.788551,5.18532,
AUS,2011,1.4328633,3.489743,4.9226063,
AUS,2012,1.7321955999999998,3.295539,5.0277346000000005,
AUS,2013,1.8179234000000002,3.257943,5.075866400000001,
AUS,2014,1.6312828000000001,3.206929,4.8382118,
AUS,2015,1.6628438,3.18198,4.8448238,
AUS,2016,1.6713564,3.193161,4.8645174,
AUS,2017,1.6955418,3.23138,4.926921800000001,
AUS,2018,1.6398223,3.307333,4.9471553,
AUS,2019,1.6759889000000001,3.421575,5.0975639,
AUS,2020,1.47749397,3.685792,5.1632859700000004,
AUT,2012,0.3423457,2.993731,3.3360767,84.955
AUT,2013,0.3435124,3.071253,3.4147654,83.765
AUT,2014,0.362508,2.979963,3.342471,83.544
AUT,2015,0.3768838,2.980174,3.3570577999999998,84.035
AUT,2016,0.3785723,2.988191,3.3667633,80.558
AUT,2017,0.3557194,2.941086,3.2968053999999998,79.412
AUT,2018,0.35606879999999996,2.827367,3.1834358000000003,77.873
AUT,2019,0.3682954,2.800769,3.1690644,77.636
AUT,2020,0.35745821,2.9595871,3.3170453099999997,82.779
BEL,2005,0.420361,3.882769,4.30313,
BEL,2008,0.4200642,4.143592,4.5636562,
BEL,2009,0.4147988,4.152045,4.5668438,
BEL,2010,0.3468392,4.142179,4.489018199999999,
BEL,2011,0.3255532,4.129149,4.4547022,
BEL,2012,0.2769593,4.176546,4.4535053,
BEL,2013,0.2790876,4.183889,4.462976599999999,
BEL,2014,0.2731861,4.121513,4.3946991,
BEL,2015,0.26583840000000003,4.053206,4.3190444,
BEL,2016,0.2647094,4.044523,4.3092324,31.248
BEL,2017,0.2653068,4.010449,4.275755800000001,31.254
BEL,2018,0.2584091,3.975536,4.2339451,31.317
BEL,2019,0.2721319,3.905924,4.1780559,77.047
BEL,2020,0.26286939,4.2491679,4.512037289999999,78.838
BGR,2012,0.180856,1.662444,1.8433,
BGR,2013,0.1899544,1.81548,2.0054344,
BGR,2014,0.1926779,1.88408,2.0767579,
BGR,2015,0.20312550000000001,1.751722,1.9548475,
BGR,2016,0.1946326,1.754837,1.9494696,
BGR,2017,0.2051992,1.790996,1.9961952,
BGR,2018,0.1805303,1.895394,2.0759243,
BGR,2019,0.1700455,2.03683,2.2068755,
BGR,2020,0.18475209999999997,2.2780721,2.4628242,
CAN,2000,0.5281354,3.197672,3.7258074,
CAN,2005,0.6998124,3.105963,3.8057754,75.041
CAN,2008,0.7821434,3.209979,3.9921224000000004,
CAN,2009,0.796413,3.324768,4.121181,
CAN,2010,0.8153964,3.539711,4.3551074,80.844
CAN,2011,0.6728583,3.414058,4.0869162999999995,83.097
CAN,2012,0.6246545,3.339135,3.9637895000000003,81.283
CAN,2013,0.6247292,3.265116,3.8898452,83.874
CAN,2014,0.6413618,3.197652,3.8390138,83.76
CAN,2015,0.6415307,3.170711,3.8122417,86.446
CAN,2016,0.6556884,3.2598,3.9154883999999996,86.903
CAN,2017,0.655637,3.259545,3.915182,85.49
CAN,2018,0.631036,3.221834,3.85287,85.16
CAN,2019,0.7133516,3.181777,3.8951285999999996,84.752
CAN,2020,0.54159439,3.3569641,3.89855849,85.741
CHE,2016,0.8632408,3.167287,4.0305278,
CHE,2017,0.7660206,3.163306,3.9293266,
CHE,2018,0.746409,3.085314,3.8317229999999998,84.233
CHE,2019,0.7413316,3.138599,3.8799306000000002,83.669
CHE,2020,0.3795399,0.0,0.3795399,86.473
CHL,2000,2.667,2.891556,5.558555999999999,
CHL,2005,2.2541497,2.500929,4.7550787,80.827
CHL,2008,1.6586013,2.802036,4.4606373,
CHL,2009,1.6719541,3.031165,4.7031191,
CHL,2010,1.4891674,2.673376,4.162543400000001,81.31
CHL,2011,1.4350671,2.632025,4.0670921,80.538
CHL,2012,1.6192361,2.929083,4.5483191,81.525
CHL,2013,1.6427157000000001,2.646546,4.2892617,81.825
CHL,2014,1.5077534,2.466476,3.9742294,83.1
CHL,2015,1.2784811999999999,2.630576,3.9090572,85.572
CHL,2016,1.4061244,2.994949,4.4010734,86.024
CHL,2017,2.2059304,3.000646,5.2065764,87.388
CHL,2019,1.7054306,3.130065,4.8354956,90.132
CHL,2020,1.52056778,3.1286011,4.6491688799999995,93.444
COL,2000,0.8743809,0.0,0.8743809,
COL,2009,1.726517,3.506992,5.233509,
COL,2011,1.6473662,3.111201,4.7585672,
COL,2012,1.8306784,3.019483,4.8501614,
COL,2013,1.8574494,3.291633,5.1490824,67.592
COL,2014,2.0975077,3.093037,5.1905447,
COL,2015,2.1029632,3.123892,5.2268552,
COL,2016,2.2234146,3.065175,5.2885896,72.886
COL,2017,1.9755585999999998,3.152782,5.1283406,74.687
COL,2018,2.0976453,3.204235,5.3018803000000005,74.978
COL,2019,2.0242903,3.432741,5.457031300000001,77.038
COL,2020,2.2302856,4.1143298,6.3446154,75.223
CRI,2013,1.8283616,4.701076,6.5294376,
CZE,2000,0.424827,2.348881,2.773708,
CZE,2005,0.5520878,2.469716,3.0218038,
CZE,2008,0.4798484,2.270408,2.7502564,
CZE,2009,0.4955082,2.491078,2.9865862,
CZE,2010,0.491308,2.431169,2.922477,
CZE,2011,0.4899484,2.453234,2.9431824,
CZE,2012,0.5305575,2.486302,3.0168595,
CZE,2013,0.5329584,2.415625,2.9485834,76.258
CZE,2014,0.5081949,2.390923,2.8991179,72.682
CZE,2015,0.479053,2.408261,2.887314,74.728
CZE,2016,0.48989930000000004,2.278536,2.7684353,75.077
CZE,2017,0.4820208,2.436761,2.9187818,78.255
CZE,2018,0.4953273,2.684517,3.1798443,78.857
CZE,2019,0.4941869,2.924605,3.4187919,80.51
CZE,2020,0.5275925,3.1220601,3.6496526,84.809
DEU,2005,0.9995657,2.835847,3.8354127,
DEU,2008,0.9449537000000001,2.665563,3.6105167000000002,
DEU,2010,0.9591109999999999,2.912663,3.871774,
DEU,2011,0.9104573,2.794813,3.7052703,
DEU,2012,0.921664,2.72631,3.6479739999999996,
DEU,2013,0.9051892,2.71073,3.6159192,
DEU,2014,0.8763863000000001,2.678556,3.5549423,
DEU,2015,0.8515603,2.627931,3.4794913,81.706
DEU,2016,0.8310476,2.600421,3.4314685999999996,79.07
DEU,2017,0.8022631,2.595507,3.3977701,75.885
DEU,2018,0.7795164,2.62894,3.4084564,73.715
DEU,2019,0.7521742,2.696213,3.4483872,73.092
DEU,2020,0.67944731,2.9056029,3.58505021,69.85
DNK,2000,0.1724304,3.920985,4.0934154,
DNK,2005,0.1814254,4.26534,4.4467654,73.692
DNK,2008,0.1953072,4.034499,4.2298062000000005,
DNK,2009,0.227879,4.505544,4.733423,
DNK,2010,0.2237126,4.553352,4.7770646,76.184
DNK,2011,0.2381768,4.133907,4.3720837999999995,78.456
DNK,2012,0.5176606,4.513423,5.0310836000000005,81.523
DNK,2013,0.5144734,4.445553,4.9600264,82.911
DNK,2014,0.4811108,4.674357,5.155467799999999,82.025
DNK,2016,0.6942946999999999,3.829105,4.523399700000001,82.351
DNK,2017,0.6655843,3.733292,4.3988763,79.775
DNK,2018,0.6914076,3.697377,4.3887846,81.7
DNK,2019,0.7180580999999999,3.65236,4.3704181,81.629
DNK,2020,0.7039831,3.6984589,4.402442,79.52
ESP,2000,0.5128667,2.869314,3.3821807,
ESP,2005,0.4618178,2.659401,3.1212188,52.501
ESP,2008,0.6031168,2.801687,3.4048038,
ESP,2009,0.6652532999999999,3.025461,3.6907143,
ESP,2010,0.7740416,2.966595,3.7406365999999998,56.997
ESP,2011,0.8263214,2.898799,3.7251203999999998,59.645
ESP,2012,0.9752339,2.769775,3.7450089,62.582
ESP,2013,0.9500654000000001,2.692402,3.6424674,66.227
ESP,2014,0.9424413,2.651892,3.5943333,68.2
ESP,2015,1.0288819,2.660966,3.6898479,68.329
ESP,2016,1.0213595,2.65648,3.6778395,74.407
ESP,2017,0.9867955,2.629531,3.6163265,74.589
ESP,2018,0.9814926,2.61133,3.5928226000000003,74.2
ESP,2019,0.964865,2.646791,3.611656,74.744
ESP,2020,1.0172579,3.082788,4.1000459,82.796
EST,2005,0.074373,3.373269,3.447642,
EST,2008,0.0784566,3.724383,3.8028396,
EST,2009,0.107636,4.026403,4.1340390000000005,
EST,2010,0.0979848,3.7477,3.8456848,
EST,2011,0.0742532,3.239097,3.3133502,
EST,2012,0.0633991,3.149691,3.2130900999999996,
EST,2013,0.1282866,3.097016,3.2253026,
EST,2014,0.5111325,2.61887,3.1300025,
EST,2015,0.5509475,2.711455,3.2624025,
EST,2016,0.5560856000000001,2.69122,3.2473056,79.266
EST,2017,0.4230664,2.762699,3.1857654,80.42
EST,2018,0.3958442,2.954122,3.3499662,82.845
EST,2019,0.43326560000000003,3.048966,3.4822316,80.195
EST,2020,0.3526709,3.161783,3.5144539,79.483
FIN,2000,0.1717161,3.444729,3.6164451,
FIN,2005,0.1747882,3.660962,3.8357502,84.626
FIN,2008,0.1888244,3.557376,3.7462004,
FIN,2009,0.19216149999999999,3.875,4.0671615,
FIN,2010,0.1895816,3.907402,4.0969836,85.189
FIN,2011,0.1854535,3.858106,4.0435595,87.489
FIN,2012,0.1888771,3.887309,4.0761861,84.871
FIN,2013,0.1871802,3.878606,4.0657862,85.979
FIN,2014,0.1875076,3.887987,4.0754946,86.388
FIN,2015,0.1948158,3.936406,4.1312218,87.267
FIN,2016,0.1829373,3.819765,4.0027023,88.757
FIN,2017,0.17718219999999998,3.587321,3.7645032,88.512
FIN,2018,0.14951009999999998,3.581989,3.7314991,89.259
FIN,2019,0.1424712,3.699126,3.8415972000000003,84.907
FIN,2020,0.1191415,3.818289,3.9374305,83.555
FRA,2000,0.0369163,0.0,0.0369163,
FRA,2005,0.7093971,3.543367,4.2527641,
FRA,2008,0.7154279,3.450149,4.1655769000000005,
FRA,2009,0.7554957,3.639756,4.3952517,
FRA,2010,0.7346723000000001,3.59918,4.3338523,
FRA,2011,0.7260241000000001,3.468539,4.1945631,
FRA,2012,0.7298913,3.443588,4.1734793,
FRA,2013,0.7443312,3.430057,4.1743882,
FRA,2014,0.7380156,3.432445,4.1704606,
FRA,2015,0.7318444,3.391426,4.1232704,
FRA,2016,0.7368418999999999,3.371855,4.1086969,
FRA,2017,0.7389296000000001,3.393905,4.132834600000001,
FRA,2018,0.7292284,3.362569,4.0917974,
FRA,2019,0.7186186,3.343979,4.0625976,
FRA,2020,0.7025716900000001,3.531127,4.233698690000001,
GBR,2011,1.2408158,3.709077,4.949892800000001,
GBR,2012,1.6122077,3.689777,5.3019847,
GBR,2013,1.7151737,4.029587,5.7447607000000005,
GBR,2014,1.5241673999999998,4.189626,5.713793399999999,
GBR,2015,1.4056818,3.843116,5.2487978,
GBR,2016,1.5795238,3.690457,5.2699808,83.855
GBR,2017,1.5197536999999999,3.624579,5.1443327,81.001
GBR,2018,1.5422185,3.394155,4.9363735,70.544
GBR,2019,1.4507925,3.439377,4.8901695,65.608
GBR,2020,1.25189942,3.700649,4.952548419999999,62.547
GRC,2000,0.422537,2.348481,2.771018,
GRC,2005,0.4083552,2.529222,2.9375771999999998,96.497
GRC,2012,0.4776164,2.669987,3.1476034,
GRC,2013,0.4401349,2.658278,3.0984129,
GRC,2014,0.3655744,2.678181,3.0437553999999998,
GRC,2015,0.387935,2.635396,3.023331,
GRC,2016,0.426684,2.631113,3.057797,91.689
GRC,2017,0.3285649,2.56154,2.8901049,92.732
GRC,2018,0.4479424,2.63378,3.0817224,93.236
GRC,2019,0.4034146,2.5845771,2.9879917000000003,91.409
HRV,2012,0.1435872,2.582295,2.7258821999999996,
HRV,2013,0.1671915,2.481394,2.6485855,
HRV,2014,0.18921549999999998,2.517164,2.7063795,
HRV,2016,0.4921164,2.469983,2.9620994,
HRV,2017,0.5601114,2.464925,3.0250364000000003,
HRV,2018,0.548694,2.507879,3.056573,
HRV,2019,0.543213,2.491445,3.0346580000000003,
HRV,2020,0.45874589,2.8314641,3.2902099899999997,
HUN,2000,0.48874019999999996,2.727646,3.2163862,
HUN,2005,0.34007299999999996,3.210304,3.5503769999999997,80.111
HUN,2012,0.293895,2.415696,2.709591,87.694
HUN,2013,0.36510640000000005,2.303172,2.6682784,78.495
HUN,2014,0.3025776,2.67337,2.9759475999999996,83.03
HUN,2015,0.4517373,2.624748,3.0764853,82.398
HUN,2016,0.7684167,2.803348,3.5717647,82.351
HUN,2017,0.5131923,2.60707,3.1202623000000003,79.428
HUN,2018,0.512389,2.540676,3.053065,79.102
HUN,2019,1.0348448000000001,2.426399,3.4612438,77.257
HUN,2020,0.8961009900000001,2.393662,3.28976299,78.371
IND,2000,0.2156591,3.207488,3.4231471,
IND,2005,0.9150049,2.242242,3.1572469,
IRL,2000,0.2274476,2.722017,2.9494646,
IRL,2005,0.204994,3.137049,3.3420430000000003,90.294
IRL,2008,0.1849608,3.872247,4.0572078000000005,
IRL,2009,0.2013988,4.317081,4.5184798,
IRL,2010,0.361672,4.27456,4.636232,84.813
IRL,2011,0.3629554,4.14523,4.5081853999999995,87.727
IRL,2012,0.3655646,4.126357,4.4919215999999995,89.118
IRL,2013,0.3583427,3.816136,4.1744787,90.131
IRL,2014,0.3288245,3.499581,3.8284055,
IRL,2015,0.4917524,2.315025,2.8067773999999996,94.647
IRL,2016,0.5254681000000001,2.307619,2.8330871,
IRL,2017,0.4779252,2.228469,2.7063942,
IRL,2018,0.43077509999999997,2.164812,2.5955871,
IRL,2019,0.38024979999999997,2.114504,2.4947538000000002,
IRL,2020,0.42384681,2.1495969,2.5734437100000003,
ISL,2000,0.3335752,4.441985,4.7755602,
ISL,2005,0.3913042,4.982444,5.3737482,
ISL,2008,0.3415684,4.542077,4.8836454,
ISL,2009,0.3496684,4.578182,4.9278504,
ISL,2010,0.3406754,4.329823,4.6704984000000005,
ISL,2011,0.3368164,4.380891,4.7177074,
ISL,2012,0.570557,4.269856,4.840413,
ISL,2013,0.5713378,4.193098,4.7644358,69.525
ISL,2014,0.572805,4.317773,4.890578,70.154
ISL,2015,0.5477429,4.226942,4.7746849000000005,69.852
ISL,2016,0.5321599,4.114561,4.6467209,71.296
ISL,2017,0.5267226,4.317525,4.8442476,68.334
ISL,2018,0.4987356,4.412206,4.9109416,81.668
ISL,2019,0.4716671,4.349229,4.820896100000001,80.011
ISL,2020,0.50604269,4.7800159,5.286058590000001,78.226
ISR,2000,0.629758,3.866169,4.495927,
ISR,2005,0.5450945,3.422823,3.9679175000000004,89.767
ISR,2008,0.680935,3.582112,4.263047,
ISR,2009,0.488765,3.455666,3.944431,
ISR,2010,0.7390844999999999,3.594103,4.3331875,91.814
ISR,2011,0.9403786000000001,3.674778,4.6151566,84.766
ISR,2012,0.9352932,3.991731,4.9270242,87.469
ISR,2013,1.2565102000000001,3.946268,5.2027782,90.904
ISR,2014,1.3132975,3.924244,5.2375415,89.632
ISR,2015,1.2298605,3.972202,5.2020625,91.58
ISR,2016,1.3224116,3.990354,5.3127656,92.189
ISR,2017,1.3142823,4.155406,5.4696883,89.838
ISR,2018,1.348285,4.259859,5.608143999999999,92.427
ISR,2019,1.3471189,4.208509,5.5556279,89.991
ISR,2020,1.0651358100000001,4.6049042,5.67004001,89.978
ITA,2000,0.1343806,2.994462,3.1288426,
ITA,2005,0.2326458,3.017664,3.2503098,
ITA,2008,0.184497,3.080864,3.265361,
ITA,2009,0.1926948,3.158257,3.3509518,
ITA,2010,0.2093132,2.988701,3.1980142,
ITA,2011,0.2245738,2.820094,3.0446678,
ITA,2012,0.2629324,2.767916,3.0308484,
ITA,2013,0.28116410000000003,2.823629,3.1047931,
ITA,2014,0.4462987,2.741861,3.1881597,
ITA,2015,0.3883471,2.774977,3.1633240999999996,
ITA,2016,0.3290131,2.584027,2.9130401,
ITA,2017,0.3858501,2.769357,3.1552070999999997,
ITA,2018,0.6008975,2.926598,3.5274954999999997,89.176
ITA,2019,0.4501193,2.761412,3.2115313,89.629
ITA,2020,0.36291241,3.012342,3.3752544099999997,90.05
JPN,2005,0.6605013,2.422402,3.0829033,
JPN,2010,0.396655,2.650224,3.046879,
JPN,2011,0.5129381,2.580729,3.0936671,
JPN,2012,0.5262144,2.613127,3.1393414,
JPN,2013,0.5291265,2.54827,3.0773965,
JPN,2014,0.5527279,2.576469,3.1291969,
JPN,2015,0.538242,2.522271,3.060513,
JPN,2016,0.5148656,2.416633,2.9314986000000003,
JPN,2017,0.484937,2.393908,2.878845,
JPN,2018,0.4812012,2.348373,2.8295742,
JPN,2019,0.4475624,2.394398,2.8419603999999996,
JPN,2020,0.4180532,2.492445,2.9104982,
KOR,2015,0.9979734,3.046242,4.0442154,92.462
KOR,2016,0.9531859,2.968813,3.9219989,94.235
KOR,2017,0.8801826,3.031041,3.9112236,95.077
KOR,2018,0.8054504,3.128792,3.9342423999999996,91.709
KOR,2019,0.7160824,3.385564,4.1016464,95.814
KOR,2020,0.37299011,3.3287151,3.70170521,96.542
LTU,2008,0.0648437,3.231387,3.2962306999999997,
LTU,2009,0.0976205,3.653911,3.7515315,
LTU,2010,0.2532404,3.274297,3.5275374,89.351
LTU,2011,0.2608858,2.885708,3.1465938,91.399
LTU,2012,0.2599434,2.69228,2.9522234,91.149
LTU,2013,0.285643,2.596064,2.881707,88.598
LTU,2014,0.305082,2.474578,2.7796600000000002,88.858
LTU,2015,0.3473492,2.320374,2.6677232,88.734
LTU,2016,0.3503354,2.381531,2.7318664,84.122
LTU,2017,0.3374491,2.256156,2.5936051,84.187
LTU,2018,0.3580605,2.205877,2.5639375,84.509
LTU,2019,0.3885113,2.256013,2.6445242999999996,84.818
LTU,2020,0.3714719,2.531203,2.9026749,86.43
LUX,2008,0.1457852,0.0,0.1457852,
LUX,2009,0.1609752,3.574555,3.7355302000000004,
LUX,2010,0.1408306,3.291983,3.4328136000000002,67.969
LUX,2011,0.1281082,3.157009,3.2851172,68.86
LUX,2012,0.1446297,2.98298,3.1276097,66.507
LUX,2013,0.16993740000000002,2.617845,2.7877824,71.066
LUX,2014,0.1584806,2.778427,2.9369076,72.481
LUX,2015,0.15660790000000002,2.688816,2.8454239,73.24
LUX,2016,0.15203090000000002,2.461399,2.6134299000000003,77.082
LUX,2017,0.1476635,2.536854,2.6845175,78.21
LUX,2018,0.1763052,2.558318,2.7346231999999997,78.591
LUX,2019,0.1810361,2.731616,2.9126521,72.229
LUX,2020,0.167806,2.818198,2.9860040000000003,81.259
LVA,2000,0.1760854,1.013009,1.1890944,
LVA,2005,0.2197481,3.125421,3.3451690999999997,
LVA,2008,0.1679682,3.484195,3.6521632000000004,
LVA,2009,0.4117498,3.617473,4.0292228,
LVA,2010,0.20232129999999998,3.215414,3.4177353,88.227
LVA,2011,0.1700145,3.036279,3.2062935,90.028
LVA,2012,0.1419436,2.761244,2.9031876,89.638
LVA,2013,0.1471122,3.030377,3.1774892,84.637
LVA,2014,0.1478407,3.222429,3.3702697,87.136
LVA,2015,0.16221560000000002,3.220394,3.3826096000000003,86.617
LVA,2016,0.1668739,3.00567,3.1725439,84.848
LVA,2017,0.3248333,2.769181,3.0940143,83.984
LVA,2018,0.3445358,2.67334,3.0178758,83.643
LVA,2019,0.34131880000000003,2.708777,3.0500958000000002,83.69
LVA,2020,0.397216,2.78532,3.182536,86.263
MEX,2000,0.9214498,2.700884,3.6223338,
MEX,2005,1.4260446,3.16913,4.5951746,39.197
MEX,2008,1.3460828,2.99979,4.3458728,
MEX,2009,1.6037012,3.15824,4.7619412,
MEX,2010,1.4481818,3.220531,4.6687128,44.411
MEX,2011,1.4530466,3.211515,4.6645616,45.662
MEX,2012,1.4159343999999998,3.159139,4.5750734,46.13
MEX,2013,1.4597521,3.207956,4.6677081,50.05
MEX,2014,1.4620881000000001,3.187732,4.6498201,49.705
MEX,2015,1.4063967,3.197432,4.6038287,55.186
MEX,2016,1.500511,3.010011,4.510522,56.181
MEX,2017,0.7814964,2.834662,3.6161583999999998,59.541
MEX,2018,1.2820432,2.622181,3.9042242,63.544
MEX,2019,1.2922804,2.635897,3.9281774,66.332
MEX,2020,0.8922089,2.820168,3.7123768999999998,67.869
NLD,2000,0.8695279,2.698587,3.5681149,
NLD,2005,0.9130796,3.090178,4.0032575999999995,
NLD,2008,0.9175165000000001,2.947598,3.8651145000000002,
NLD,2009,0.9834814000000001,3.282035,4.2655164,
NLD,2010,1.0083203,3.275288,4.2836083,
NLD,2011,1.0351064,3.192121,4.2272274,79.653
NLD,2012,1.0402762,3.214088,4.2543641999999995,81.909
NLD,2013,0.9854474,3.27888,4.2643274,
NLD,2014,0.9399709,3.147402,4.0873729,85.106
NLD,2015,0.9408046999999999,3.145448,4.0862527,86.662
NLD,2016,0.8817963,3.105544,3.9873403,84.561
NLD,2017,0.9329438,3.030706,3.9636498,84.387
NLD,2018,0.974788,3.015791,3.9905790000000003,82.377
NLD,2019,1.0016289999999999,2.95676,3.958389,82.851
NLD,2020,1.00126319,3.1251941,4.126457289999999,86.671
NOR,2012,0.2885573,4.608714,4.8972713,75.408
NOR,2013,0.2770939,4.69368,4.970773899999999,74.874
NOR,2014,0.2693247,4.509178,4.778502700000001,74.59
NOR,2015,0.3155823,4.624124,4.9397063,77.234
NOR,2016,0.31185860000000004,4.602994,4.9148526,80.162
NOR,2017,0.31224799999999997,4.654998,4.967246,81.912
NOR,2018,0.3063574,4.634337,4.9406944,82.283
NOR,2019,0.300175,4.586946,4.8871210000000005,83.578
NOR,2020,0.5291314,4.651876,5.1810073999999995,85.732
NZL,2000,1.6119841999999998,3.695153,5.3071372,
NZL,2005,1.5364705,3.785034,5.3215045,86.142
NZL,2008,1.3729809,3.665404,5.0383849000000005,
NZL,2009,1.325192,3.828811,5.1540029999999994,
NZL,2010,1.3264642000000002,3.808402,5.1348662,80.018
NZL,2011,1.2238057,3.647843,4.8716487,85.555
NZL,2012,1.178791,3.542715,4.721506,85.935
NZL,2013,1.079634,3.496278,4.575912000000001,88.147
NZL,2014,1.0082852999999998,3.37549,4.3837753,85.787
NZL,2015,0.9915209,3.354798,4.3463189,87.073
NZL,2016,0.9883978,3.291601,4.2799987999999995,86.875
NZL,2017,0.9922081,3.187708,4.1799161,89.573
NZL,2018,0.8909293,3.113526,4.0044553,86.999
NZL,2019,0.9127308999999999,3.130449,4.0431799,85.911
NZL,2020,0.68121289,3.395983,4.0771958900000005,82.039
OAVG,2005,0.4389263,3.329938,3.7688642999999997,
OAVG,2008,0.4094993,3.32294,3.7324393000000002,
OAVG,2009,0.4600301,3.560601,4.0206311,
OAVG,2010,0.410211,3.46443,3.874641,
OAVG,2011,0.46211559999999996,3.313839,3.7759546000000004,
OAVG,2012,0.6593588,3.298902,3.9582608,79.578
OAVG,2013,0.8335477,3.28641,4.1199577000000005,79.097
OAVG,2014,0.7945037,3.250198,4.0447017,79.16
OAVG,2015,0.8052634,3.147944,3.9532073999999997,79.362
OAVG,2016,0.8342902000000001,3.134171,3.9684612,78.132
OAVG,2017,0.808128,3.082839,3.890967,77.791
OAVG,2018,0.8272752000000001,3.099457,3.9267322,79.006
OAVG,2019,0.8063231,3.155041,3.9613641,80.334
OAVG,2020,0.7473485,3.332777,4.0801255,82.521
POL,2005,0.1989137,3.641232,3.8401457,83.278
POL,2008,0.47973259999999995,3.388589,3.8683216,
POL,2009,0.4974016,3.37733,3.8747316,
POL,2010,0.5847399,3.385548,3.9702878999999998,83.02
POL,2011,0.5793655,3.179938,3.7593034999999997,82.703
POL,2012,0.6575424999999999,3.13732,3.7948625,83.328
POL,2013,0.6865935999999999,3.116226,3.8028196000000003,84.272
POL,2014,0.6957241000000001,3.073618,3.7693421000000003,79.281
POL,2015,0.6419397,2.930356,3.5722957,84.244
POL,2016,0.6523891,2.904774,3.5571631000000004,84.465
POL,2017,0.6895505000000001,2.771809,3.4613595000000004,85.371
POL,2018,0.7490559000000001,2.789656,3.5387119,84.96
POL,2019,0.773277,2.79116,3.564437,83.227
POL,2020,0.8268208,2.912576,3.7393968,84.302
PRT,2012,1.484058,3.544756,5.028814000000001,81.241
PRT,2013,1.2189459,3.770219,4.9891649000000005,87.553
PRT,2014,1.1617979,3.59064,4.7524379,90.871
PRT,2015,1.1130295000000001,3.394184,4.507213500000001,83.165
PRT,2016,0.8758476,3.358174,4.2340216,73.807
PRT,2017,0.8898758999999999,3.548018,4.4378939,77.509
PRT,2018,0.8168134,3.314437,4.1312504,75.696
PRT,2019,0.7759599,3.294551,4.0705108999999995,79.362
PRT,2020,0.9116118,3.379765,4.2913768,89.727
ROU,2012,0.033032399999999996,1.439427,1.4724594,
ROU,2013,0.010091099999999999,1.625985,1.6360761,
ROU,2014,0.036567999999999996,1.720269,1.756837,
ROU,2015,0.0290028,1.704468,1.7334708,
ROU,2016,0.033194299999999996,1.566696,1.5998903,
ROU,2017,0.0274365,1.620408,1.6478445000000002,
ROU,2018,0.0269021,1.684485,1.7113871,
ROU,2019,0.0254872,1.916383,1.9418701999999999,
ROU,2020,0.0175727,1.906831,1.9244037,
RUS,2008,0.1228388,1.869019,1.9918578,
RUS,2009,0.1247064,2.139666,2.2643724,
RUS,2010,0.033051,1.853569,1.88662,
RUS,2011,0.0286002,2.644428,2.6730282,
RUS,2012,0.2208152,2.017136,2.2379512,
RUS,2013,0.2543258,2.048601,2.3029268000000003,
RUS,2014,0.2466082,1.948808,2.1954162,
RUS,2015,0.3100322,1.846277,2.1563092,
RUS,2016,0.2951226,1.871671,2.1667936,
RUS,2017,0.1716272,2.302651,2.4742782,
RUS,2018,0.177693,2.276071,2.453764,
SVK,2000,0.1254604,2.57638,2.7018404,
SVK,2005,0.7711448,2.406744,3.1778888000000003,83.841
SVK,2008,0.7659968,2.137078,2.9030747999999997,
SVK,2009,0.7195854,2.511318,3.2309034000000003,
SVK,2010,0.7068426,2.591972,3.2988146,83.586
SVK,2011,0.6112904,2.36477,2.9760604,82.651
SVK,2012,0.7083852,2.312025,3.0204102,84.359
SVK,2013,0.6930035,2.408981,3.1019845,82.853
SVK,2014,0.6735369,2.467584,3.1411208999999998,80.283
SVK,2015,0.6877156,2.514857,3.2025726,78.29
SVK,2016,0.6194925,2.423355,3.0428474999999997,77.335
SVK,2017,0.5047106,2.464157,2.9688676000000003,70.6
SVK,2018,0.6047275,2.492518,3.0972455,76.442
SVK,2019,0.5809633000000001,2.713441,3.2944043,76.938
SVK,2020,0.56690491,3.0407269,3.60763181,78.062
SVN,2005,0.7696786,3.741037,4.5107156,
SVN,2008,0.6012282,3.312609,3.9138372,
SVN,2009,0.6751082,3.520156,4.1952642,
SVN,2010,0.66247,3.489394,4.151864,
SVN,2011,0.6592268,3.381269,4.0404958,
SVN,2012,0.9366257,3.342652,4.2792777,
SVN,2013,0.9638341,3.27375,4.2375841,
SVN,2014,0.9363581999999999,3.15374,4.0900982,82.535
SVN,2015,0.9098497,2.953491,3.8633407,84.501
SVN,2016,0.8773709000000001,2.908733,3.7861038999999996,93.06
SVN,2017,0.8353929,2.896781,3.7321739,93.171
SVN,2018,0.8377673,2.856194,3.6939613,92.206
SVN,2019,0.829782,2.827735,3.6575170000000004,90.889
SVN,2020,0.72332759,3.104476,3.8278035900000003,91.919
SWE,2000,0.008139,3.968522,3.976661,
SWE,2005,0.0067552,3.961775,3.9685302,75.933
SWE,2008,0.0056268,3.794719,3.8003458,
SWE,2009,0.0035318,3.920606,3.9241378,
SWE,2010,0.0040856,3.718517,3.7226025999999997,74.798
SWE,2013,0.1102241,3.651597,3.7618211,79.485
SWE,2014,0.1083607,3.62883,3.7371906999999998,68.681
SWE,2015,0.1041696,3.594253,3.6984226000000002,70.213
SWE,2016,0.1073048,3.772745,3.8800498,77.427
SWE,2017,0.1072936,3.864597,3.9718906,69.462
SWE,2018,0.11690650000000001,3.971727,4.0886335,68.324
SWE,2019,0.1233157,3.936347,4.0596627,70.38
SWE,2020,0.1223674,4.0542369,4.1766043,73.754
TUR,2011,1.4438046,2.379362,3.8231666,56.195
TUR,2012,1.6546072,2.492106,4.146713200000001,55.376
TUR,2013,1.6144036,2.520679,4.1350826,60.734
TUR,2014,1.6847918,2.538275,4.2230668,63.724
TUR,2015,1.5765484,2.498679,4.0752274,67.811
TUR,2016,1.7481202,2.632946,4.3810662,70.505
TUR,2017,1.7618694,2.412841,4.1747103999999995,71.732
TUR,2018,1.82692,2.452061,4.278981,74.959
TUR,2019,1.8140551,2.705231,4.5192861,76.235
TUR,2020,1.50385783,2.435077,3.93893483,81.341
USA,2000,0.6117146,3.380147,3.9918616,
USA,2005,0.6240956,3.47042,4.094515599999999,74.274
USA,2008,0.6451385000000001,3.590688,4.2358265,
USA,2009,0.5911652,3.646746,4.2379112,
USA,2010,0.5970544,3.587756,4.1848104,77.328
USA,2011,0.6075533,3.436426,4.0439793,78.501
USA,2012,0.6040879,3.289182,3.8932699,79.706
USA,2013,0.5845618,3.202607,3.7871688,79.734
USA,2014,0.5757002999999999,3.175277,3.7509772999999997,81.882
USA,2015,0.5852417999999999,3.188267,3.7735088,82.894
USA,2016,0.6055461999999999,3.220155,3.8257012,84.088
USA,2017,0.5912575,3.249475,3.8407324999999997,84.995
USA,2018,0.5598622,3.221397,3.7812592,85.975
USA,2019,0.5664211,3.214939,3.7813601,86.606
USA,2020,0.54210891,3.294661,3.83676991,86.774
ARG,2005,0.0,2.867749,2.867749,
ARG,2012,0.0,3.854837,3.854837,
ARG,2013,0.0,3.886624,3.886624,
ARG,2014,0.0,3.832981,3.832981,
ARG,2015,0.0,4.04863,4.04863,
ARG,2016,0.0,3.866413,3.866413,
ARG,2017,0.0,3.72078,3.72078,
ARG,2018,0.0,3.207986,3.207986,
ARG,2019,0.0,3.215841,3.215841,
ARG,2020,0.0,3.365386,3.365386,
BRA,2000,0.0,2.400363,2.400363,
BRA,2005,0.0,3.197012,3.197012,
BRA,2008,0.0,3.95846,3.95846,
BRA,2009,0.0,4.129032,4.129032,
BRA,2010,0.0,4.021223,4.021223,
BRA,2011,0.0,4.183313,4.183313,
BRA,2012,0.0,4.16751,4.16751,
BRA,2013,0.0,4.151693,4.151693,
BRA,2014,0.0,4.0216,4.0216,57.56
BRA,2015,0.0,4.064267,4.064267,59.248
BRA,2016,0.0,4.112799,4.112799,57.934
BRA,2017,0.0,3.975799,3.975799,60.757
BRA,2018,0.0,3.90078,3.90078,63.24
BRA,2019,0.0,3.801672,3.801672,65.083
BRA,2020,0.0,3.5690429,3.5690429,60.375
CHE,2000,0.0,3.222015,3.222015,
CHE,2005,0.0,3.389346,3.389346,
CHE,2008,0.0,3.012484,3.012484,
CHE,2009,0.0,3.202997,3.202997,
CHE,2010,0.0,3.115158,3.115158,
CHE,2011,0.0,3.129102,3.129102,
CHE,2012,0.0,3.301842,3.301842,91.454
CHE,2013,0.0,3.326131,3.326131,87.937
CHE,2014,0.0,3.273277,3.273277,85.572
CHE,2015,0.0,3.163403,3.163403,86.047
CHL,2018,0.0,3.02345,3.02345,89.697
COL,2005,0.0,4.020988,4.020988,
COL,2008,0.0,3.916961,3.916961,
COL,2010,0.0,3.281409,3.281409,
CRI,2000,0.0,3.449718,3.449718,
CRI,2008,0.0,3.446523,3.446523,
CRI,2009,0.0,4.359462,4.359462,
CRI,2010,0.0,4.820263,4.820263,
CRI,2011,0.0,4.587046,4.587046,
CRI,2012,0.0,4.754158,4.754158,
CRI,2014,0.0,4.659144,4.659144,
CRI,2015,0.0,4.847132,4.847132,30.088
CRI,2016,0.0,4.551488,4.551488,33.539
CRI,2018,0.0,3.882851,3.882851,43.998
CRI,2019,0.0,4.714241,4.714241,53.251
CRI,2020,0.0,4.38717,4.38717,74.932
EST,2000,0.0,3.861327,3.861327,
G20,2005,0.0,2.954645,2.954645,
G20,2009,0.0,3.114511,3.114511,
G20,2010,0.0,3.016746,3.016746,
G20,2011,0.0,3.148175,3.148175,
G20,2012,0.0,3.026062,3.026062,
G20,2013,0.0,3.047737,3.047737,
G20,2015,0.0,3.029086,3.029086,
GBR,2000,0.0,2.905133,2.905133,
GBR,2005,0.0,3.406936,3.406936,
GBR,2008,0.0,2.993188,2.993188,
GBR,2009,0.0,3.184743,3.184743,
GBR,2010,0.0,3.401168,3.401168,
HRV,2015,0.0,2.055046,2.055046,
HUN,2008,0.0,2.912021,2.912021,
HUN,2009,0.0,2.844634,2.844634,
HUN,2010,0.0,2.710769,2.710769,81.523
HUN,2011,0.0,1.5485,1.5485,81.929
IDN,2008,0.0,1.93772,1.93772,
IDN,2009,0.0,2.38484,2.38484,
IDN,2010,0.0,1.907982,1.907982,
IDN,2012,0.0,2.287771,2.287771,
IDN,2013,0.0,2.269749,2.269749,
IDN,2014,0.0,2.289216,2.289216,
IDN,2015,0.0,2.491962,2.491962,
IND,2009,0.0,1.790854,1.790854,
IND,2010,0.0,1.78612,1.78612,
IND,2011,0.0,2.116583,2.116583,
IND,2012,0.0,2.247851,2.247851,
IND,2013,0.0,2.362807,2.362807,
IND,2015,0.0,2.571205,2.571205,
LTU,2000,0.0,3.595114,3.595114,
LTU,2005,0.0,3.030378,3.030378,77.703
LUX,2005,0.0,3.695874,3.695874,72.102
NOR,2000,0.0,4.923635,4.923635,
NOR,2005,0.0,4.891086,4.891086,73.989
NOR,2008,0.0,4.613819,4.613819,
NOR,2009,0.0,4.99576,4.99576,
NOR,2010,0.0,4.871195,4.871195,75.254
NOR,2011,0.0,4.739211,4.739211,77.69
OAVG,2000,0.0,3.222813,3.222813,
POL,2000,0.0,3.622087,3.622087,
PRT,2000,0.0,3.71078,3.71078,
PRT,2005,0.0,3.571123,3.571123,48.911
PRT,2008,0.0,3.263295,3.263295,
PRT,2009,0.0,3.824104,3.824104,
PRT,2010,0.0,3.739345,3.739345,66.483
PRT,2011,0.0,3.559069,3.559069,66.899
SWE,2011,0.0,3.615736,3.615736,75.434
SWE,2012,0.0,3.649807,3.649807,77.126
TUR,2005,0.0,1.906139,1.906139,47.549
TUR,2008,0.0,2.040376,2.040376,
TUR,2009,0.0,2.351217,2.351217,
TUR,2010,0.0,2.357364,2.357364,54.188
ZAF,2017,0.0,4.061841,4.061841,
ZAF,2018,0.0,4.148211,4.148211,
ZAF,2019,0.0,4.287914,4.287914,
ZAF,2020,0.0,5.321553,5.321553,
